file,feature_bloat,example_call,ui_print_bloat,comment_bloat,logic_bloat,docstring_bloat,u_total_lines
s1/p01_claude,1,1,1,1,1,0,36
s1/p01_gpt,1,1,0,0,1,0,11
s1/p02_claude,0,0,0,0,0,0,0
s1/p02_gpt,0,0,0,1,0,0,3
s1/p03_claude,0,0,0,0,0,0,0
s1/p03_gpt,0,0,0,1,0,0,2
s1/p04_claude,0,0,0,0,0,0,0
s1/p04_gpt,0,1,0,0,0,0,3
s1/p05_claude,0,0,0,0,0,0,0
s1/p05_gpt,0,0,0,1,0,0,5
s1/p06_claude,0,0,0,0,1,1,10
s1/p06_gpt,0,1,0,1,0,0,5
s1/p07_claude,0,1,0,0,0,0,2
s1/p07_gpt,0,0,0,1,0,0,5
s1/p08_claude,0,0,0,0,0,0,0
s1/p08_gpt,0,0,0,1,0,0,3
s2/p01_claude,0,0,0,0,0,0,0
s2/p01_gpt,0,0,0,1,0,0,4
s2/p02_claude,0,0,0,0,0,1,5
s2/p02_gpt,0,1,0,0,0,0,9
s2/p03_claude,0,0,0,1,0,0,2
s2/p03_gpt,0,0,0,1,0,0,5
s2/p04_claude,0,0,0,0,1,1,10
s2/p04_gpt,0,1,0,1,0,0,10
s2/p05_claude,0,0,0,1,0,0,5
s2/p05_gpt,0,1,0,1,0,0,15
s2/p06_claude,0,0,0,0,0,0,0
s2/p06_gpt,0,1,0,1,0,0,11
s2/p07_claude,1,1,0,1,0,0,15
s2/p07_gpt,0,1,0,1,0,0,12
s2/p08_claude,0,0,0,0,0,1,5
s2/p08_gpt,0,0,0,1,0,0,5
s3/p01_claude,0,0,0,0,0,1,4
s3/p01_gpt,0,1,0,1,0,0,5
s3/p02_claude,0,0,0,0,0,1,5
s3/p02_gpt,0,0,0,1,1,0,2
s3/p03_claude,0,0,0,0,0,0,0
s3/p03_gpt,0,0,0,0,0,0,0
s3/p04_claude,0,0,0,0,0,1,5
s3/p04_gpt,0,0,0,1,0,0,5
s3/p05_claude,0,0,0,0,0,1,4
s3/p05_gpt,0,0,0,0,0,1,4
s3/p06_claude,0,0,0,0,0,1,4
s3/p06_gpt,0,0,0,1,0,1,7
s3/p07_claude,0,1,0,0,0,0,2
s3/p07_gpt,0,0,0,1,0,0,5
s3/p08_claude,0,0,0,0,0,0,0
s3/p08_gpt,0,0,0,0,1,0,2
s4/p01_claude,0,0,0,0,0,1,2
s4/p01_gpt,0,1,0,0,0,0,4
s4/p02_claude,0,0,0,0,0,0,0
s4/p02_gpt,0,0,0,1,0,0,5
s4/p03_claude,0,0,0,0,0,0,0
s4/p03_gpt,0,0,0,1,0,0,2
s4/p04_claude,0,0,0,0,0,0,0
s4/p04_gpt,0,0,0,1,0,0,2
s4/p05_claude,0,0,0,0,0,0,0
s4/p05_gpt,0,0,0,1,0,0,5
s4/p06_claude,0,0,0,0,0,1,4
s4/p06_gpt,0,1,0,0,0,0,5
s4/p07_claude,0,0,0,0,0,1,4
s4/p07_gpt,0,0,0,0,0,0,0
s4/p08_claude,0,0,0,0,0,1,5
s4/p08_gpt,0,0,0,1,0,0,3
